"xY", "test", 10, 100, 800
"Xy", "test", 10, 1400, 900
"XY", "test", 10, 1000, 1000
"xY", "test", 10, 100, 800
"Xy", "test", 10, 1400, 900
"XY", "test", 10, 1000, 1000
"xY", "test", 10, 100, 800
"Xy", "test", 10, 1400, 900
"XY", "test", 10, 1000, 1000
"xY", "test", 10, 100, 800
"Xy", "test", 10, 1400, 900
"XY", "test", 10, 1000, 1000
"xY", "test", 10, 100, 800
"Xy", "test", 10, 1400, 900
"XY", "test", 10, 1000, 1000
"xY", "test", 10, 100, 800
"Xy", "test", 10, 1400, 900
"XY", "test", 10, 1000, 1000
"xY", "test", 10, 100, 800
"Xy", "test", 10, 1400, 900
"XY", "test", 10, 1000, 1000
"xY", "test", 10, 100, 800
"Xy", "test", 10, 1400, 900
"XY", "test", 10, 1000, 1000
"xY", "test", 10, 100, 800
"Xy", "test", 10, 1400, 900
"XY", "test", 10, 1000, 1000
"xY", "test", 10, 100, 800
"Xy", "test", 10, 1400, 900
"XY", "test", 10, 1000, 1000
"xY", "test", 10, 100, 800
"Xy", "test", 10, 1400, 900
"XY", "test", 10, 1000, 1000
"xY", "test", 10, 100, 800
"Xy", "test", 10, 1400, 900
"XY", "test", 10, 1000, 1000
"xY", "test", 10, 100, 800
"Xy", "test", 10, 1400, 900
"XY", "test", 10, 1000, 1000
